Workbook

Sheet 00.안내
A1: 2026년 제23회 통화정책 경시대회 — 데이터 수집·관리 워크북
A2: 팀명: 통신보안(通信保安) | 발표일: 2026.7.8 | 결정대상: 2026.7월 기준금리
A5: ■ 워크북 구성
A6: 시트 | B6: 내용
A7: 01.대시보드 | B7: 핵심 지표 요약 + 시각화용 시계열 (발표자료 차트 소스)
A8: 02.기준금리·통화 | B8: 기준금리 추이·미국 정책금리·내외금리차·통화량(M1·M2 등)
A9: 03.물가 | B9: 소비자·생활·근원·생산자물가·기대인플레(전문가/일반인/BEI)·품목별
A10: 04.경기·성장 | B10: GDP·제조업생산·소매판매·서비스업·설비투자·건설기성·심리지수
A11: 05.고용 | B11: 취업자수·고용률·실업률·청년고용·산업별·명목임금·IT특별급여
A12: 06.국제수지·교역 | B12: 수출·수입·경상수지·품목별수출(반도체 등)·SCFI
A13: 07.금융·외환시장 | B13: 국고채·회사채·CD·CP·코스피·코스닥·외국인순매수·외인보유·환율·스프레드
A14: 08.가계·기업신용 | B14: 가계신용·주담대·기업대출·회사채순발행·연체율
A15: 09.부동산·금융안정 | B15: 주택매매·전세·FSI·FVI·부동산PF·외환보유액
A16: 10.세계경제 | B16: 美·유로·일본·중국 경기/정책금리·국제유가(두바이·브렌트·WTI)·원자재
A17: 11.출처·메모 | B17: 데이터 출처 정리 및 작업 메모(To-do)
A19: ■ 색상 규칙
A20: 파란 글씨 | B20: 직접 입력하는 원자료(하드코딩 수치)
A21: 검정 글씨 | B21: 수식·계산값(내외금리차 등 자동계산)
A22: 노란 배경 | B22: 미입력 셀 — 자료 입수 시 채울 것
A23: [ ]주기표기 | B23: 비고란 머리에 공표주기 표기: [월]/[분기]/[일]/[주]/[FOMC·금통위] + 공표시기(시차)
A25: ■ 데이터 입력 팁
A26: 1 | B26: 데이터 기간: 2025-01 ~ 2026-07 (월별) / 2025-1Q ~ 2026-2Q (분기) — 전년동월·전년동기 비교 가능
A27: 2 | B27: 날짜는 연-월(2026-05) / 연-분기(2026-2Q)로 통일 → 차트 X축 정렬 용이
A28: 3 | B28: 비고란 [주기]·공표시기로 자료 입수 가능시점 파악 → 7.8 발표 전 확보 가능 데이터 식별
A29: 4 | B29: ‘잠정/속보/확정’ 구분을 비고란에 반드시 표기
A30: 5 | B30: 모든 수치에 출처·시점 기재(한국은행 인용 양식 준수)
A31: 6 | B31: 대시보드(01)는 각 시트를 참조 → 원자료만 갱신하면 자동 반영

Sheet 01.대시보드
A1: 01. 핵심 지표 대시보드 (발표자료 시각화 소스)
A2: 각 시트 원자료를 참조 — 원자료만 갱신하면 자동 반영.
A4: [A] 기준금리 결정 요약
A5: 항목 | B5: 내용
A6: 현 기준금리 | B6: ='02.기준금리·통화'!S5 -> 2.5
A7: 제안 기준금리 | B7: 2.75%
A8: 변경폭 | B8: +25bp (인상)
A9: 결정 회의 | B9: 2026.7.16 금통위
A10: 핵심 논거 | B10: 물가·성장·환율·금융안정 4개 부문 인상 신호 / 고용은 속도조절
A12: [B] 시각화용 시계열 (이 표를 범위로 지정해 차트 삽입)
A13: 시점 | B13: 소비자물가(%) | C13: 근원물가(%) | D13: 기대인플레(%) | E13: 기준금리(%) | F13: CCSI
A14: 2025-01 | B14: =IF(N('03.물가'!C5)=0,"",'03.물가'!C5) | C14: =IF(N('03.물가'!C7)=0,"",'03.물가'!C7) | D14: =IF(N('03.물가'!C9)=0,"",'03.물가'!C9) | E14: =IF(N('02.기준금리·통화'!C5)=0,"",'02.기준금리·통화'!C5) | F14: =IF(N('04.경기·성장'!C14)=0,"",'04.경기·성장'!C14)
A15: 2025-02 | B15: =IF(N('03.물가'!D5)=0,"",'03.물가'!D5) | C15: =IF(N('03.물가'!D7)=0,"",'03.물가'!D7) | D15: =IF(N('03.물가'!D9)=0,"",'03.물가'!D9) | E15: =IF(N('02.기준금리·통화'!D5)=0,"",'02.기준금리·통화'!D5) | F15: =IF(N('04.경기·성장'!D14)=0,"",'04.경기·성장'!D14)
A16: 2025-03 | B16: =IF(N('03.물가'!E5)=0,"",'03.물가'!E5) | C16: =IF(N('03.물가'!E7)=0,"",'03.물가'!E7) | D16: =IF(N('03.물가'!E9)=0,"",'03.물가'!E9) | E16: =IF(N('02.기준금리·통화'!E5)=0,"",'02.기준금리·통화'!E5) | F16: =IF(N('04.경기·성장'!E14)=0,"",'04.경기·성장'!E14)
A17: 2025-04 | B17: =IF(N('03.물가'!F5)=0,"",'03.물가'!F5) | C17: =IF(N('03.물가'!F7)=0,"",'03.물가'!F7) | D17: =IF(N('03.물가'!F9)=0,"",'03.물가'!F9) | E17: =IF(N('02.기준금리·통화'!F5)=0,"",'02.기준금리·통화'!F5) | F17: =IF(N('04.경기·성장'!F14)=0,"",'04.경기·성장'!F14)
A18: 2025-05 | B18: =IF(N('03.물가'!G5)=0,"",'03.물가'!G5) | C18: =IF(N('03.물가'!G7)=0,"",'03.물가'!G7) | D18: =IF(N('03.물가'!G9)=0,"",'03.물가'!G9) | E18: =IF(N('02.기준금리·통화'!G5)=0,"",'02.기준금리·통화'!G5) | F18: =IF(N('04.경기·성장'!G14)=0,"",'04.경기·성장'!G14)
A19: 2025-06 | B19: =IF(N('03.물가'!H5)=0,"",'03.물가'!H5) | C19: =IF(N('03.물가'!H7)=0,"",'03.물가'!H7) | D19: =IF(N('03.물가'!H9)=0,"",'03.물가'!H9) | E19: =IF(N('02.기준금리·통화'!H5)=0,"",'02.기준금리·통화'!H5) | F19: =IF(N('04.경기·성장'!H14)=0,"",'04.경기·성장'!H14)
A20: 2025-07 | B20: =IF(N('03.물가'!I5)=0,"",'03.물가'!I5) | C20: =IF(N('03.물가'!I7)=0,"",'03.물가'!I7) | D20: =IF(N('03.물가'!I9)=0,"",'03.물가'!I9) | E20: =IF(N('02.기준금리·통화'!I5)=0,"",'02.기준금리·통화'!I5) | F20: =IF(N('04.경기·성장'!I14)=0,"",'04.경기·성장'!I14)
A21: 2025-08 | B21: =IF(N('03.물가'!J5)=0,"",'03.물가'!J5) | C21: =IF(N('03.물가'!J7)=0,"",'03.물가'!J7) | D21: =IF(N('03.물가'!J9)=0,"",'03.물가'!J9) | E21: =IF(N('02.기준금리·통화'!J5)=0,"",'02.기준금리·통화'!J5) | F21: =IF(N('04.경기·성장'!J14)=0,"",'04.경기·성장'!J14)
A22: 2025-09 | B22: =IF(N('03.물가'!K5)=0,"",'03.물가'!K5) | C22: =IF(N('03.물가'!K7)=0,"",'03.물가'!K7) | D22: =IF(N('03.물가'!K9)=0,"",'03.물가'!K9) | E22: =IF(N('02.기준금리·통화'!K5)=0,"",'02.기준금리·통화'!K5) | F22: =IF(N('04.경기·성장'!K14)=0,"",'04.경기·성장'!K14)
A23: 2025-10 | B23: =IF(N('03.물가'!L5)=0,"",'03.물가'!L5) | C23: =IF(N('03.물가'!L7)=0,"",'03.물가'!L7) | D23: =IF(N('03.물가'!L9)=0,"",'03.물가'!L9) | E23: =IF(N('02.기준금리·통화'!L5)=0,"",'02.기준금리·통화'!L5) | F23: =IF(N('04.경기·성장'!L14)=0,"",'04.경기·성장'!L14)
A24: 2025-11 | B24: =IF(N('03.물가'!M5)=0,"",'03.물가'!M5) | C24: =IF(N('03.물가'!M7)=0,"",'03.물가'!M7) | D24: =IF(N('03.물가'!M9)=0,"",'03.물가'!M9) | E24: =IF(N('02.기준금리·통화'!M5)=0,"",'02.기준금리·통화'!M5) | F24: =IF(N('04.경기·성장'!M14)=0,"",'04.경기·성장'!M14)
A25: 2025-12 | B25: =IF(N('03.물가'!N5)=0,"",'03.물가'!N5) | C25: =IF(N('03.물가'!N7)=0,"",'03.물가'!N7) | D25: =IF(N('03.물가'!N9)=0,"",'03.물가'!N9) | E25: =IF(N('02.기준금리·통화'!N5)=0,"",'02.기준금리·통화'!N5) -> 2.5 | F25: =IF(N('04.경기·성장'!N14)=0,"",'04.경기·성장'!N14)
A26: 2026-01 | B26: =IF(N('03.물가'!O5)=0,"",'03.물가'!O5) -> 2 | C26: =IF(N('03.물가'!O7)=0,"",'03.물가'!O7) | D26: =IF(N('03.물가'!O9)=0,"",'03.물가'!O9) | E26: =IF(N('02.기준금리·통화'!O5)=0,"",'02.기준금리·통화'!O5) -> 2.5 | F26: =IF(N('04.경기·성장'!O14)=0,"",'04.경기·성장'!O14)
A27: 2026-02 | B27: =IF(N('03.물가'!P5)=0,"",'03.물가'!P5) -> 2 | C27: =IF(N('03.물가'!P7)=0,"",'03.물가'!P7) | D27: =IF(N('03.물가'!P9)=0,"",'03.물가'!P9) | E27: =IF(N('02.기준금리·통화'!P5)=0,"",'02.기준금리·통화'!P5) -> 2.5 | F27: =IF(N('04.경기·성장'!P14)=0,"",'04.경기·성장'!P14)
A28: 2026-03 | B28: =IF(N('03.물가'!Q5)=0,"",'03.물가'!Q5) -> 2.2 | C28: =IF(N('03.물가'!Q7)=0,"",'03.물가'!Q7) | D28: =IF(N('03.물가'!Q9)=0,"",'03.물가'!Q9) | E28: =IF(N('02.기준금리·통화'!Q5)=0,"",'02.기준금리·통화'!Q5) -> 2.5 | F28: =IF(N('04.경기·성장'!Q14)=0,"",'04.경기·성장'!Q14)
A29: 2026-04 | B29: =IF(N('03.물가'!R5)=0,"",'03.물가'!R5) -> 2.6 | C29: =IF(N('03.물가'!R7)=0,"",'03.물가'!R7) -> 2.2 | D29: =IF(N('03.물가'!R9)=0,"",'03.물가'!R9) | E29: =IF(N('02.기준금리·통화'!R5)=0,"",'02.기준금리·통화'!R5) -> 2.5 | F29: =IF(N('04.경기·성장'!R14)=0,"",'04.경기·성장'!R14) -> 99.2
A30: 2026-05 | B30: =IF(N('03.물가'!S5)=0,"",'03.물가'!S5) -> 3.1 | C30: =IF(N('03.물가'!S7)=0,"",'03.물가'!S7) -> 2.5 | D30: =IF(N('03.물가'!S9)=0,"",'03.물가'!S9) -> 2.8 | E30: =IF(N('02.기준금리·통화'!S5)=0,"",'02.기준금리·통화'!S5) -> 2.5 | F30: =IF(N('04.경기·성장'!S14)=0,"",'04.경기·성장'!S14) -> 106.1
A31: 2026-06 | B31: =IF(N('03.물가'!T5)=0,"",'03.물가'!T5) | C31: =IF(N('03.물가'!T7)=0,"",'03.물가'!T7) | D31: =IF(N('03.물가'!T9)=0,"",'03.물가'!T9) -> 2.8 | E31: =IF(N('02.기준금리·통화'!T5)=0,"",'02.기준금리·통화'!T5) | F31: =IF(N('04.경기·성장'!T14)=0,"",'04.경기·성장'!T14) -> 106.6
A32: 2026-07 | B32: =IF(N('03.물가'!U5)=0,"",'03.물가'!U5) | C32: =IF(N('03.물가'!U7)=0,"",'03.물가'!U7) | D32: =IF(N('03.물가'!U9)=0,"",'03.물가'!U9) | E32: =IF(N('02.기준금리·통화'!U5)=0,"",'02.기준금리·통화'!U5) | F32: =IF(N('04.경기·성장'!U14)=0,"",'04.경기·성장'!U14)
A34: ※ 표 선택 후 [삽입]>[차트]로 추세선 생성. 원자료 갱신 시 자동 업데이트.

Sheet 02.기준금리·통화
A1: 02. 기준금리 · 통화량
A2: 기준금리 경로 및 통화지표 (월별)
A4: 지표 | B4: 단위 | C4: 2025-01 | D4: 2025-02 | E4: 2025-03 | F4: 2025-04 | G4: 2025-05 | H4: 2025-06 | I4: 2025-07 | J4: 2025-08 | K4: 2025-09 | L4: 2025-10 | M4: 2025-11 | N4: 2025-12 | O4: 2026-01 | P4: 2026-02 | Q4: 2026-03 | R4: 2026-04 | S4: 2026-05 | T4: 2026-06 | U4: 2026-07 | V4: 출처 | W4: 공표주기·시기 / 비고
A5: 한국은행 기준금리 | B5: % | N5: 2.5 | O5: 2.5 | P5: 2.5 | Q5: 2.5 | R5: 2.5 | S5: 2.5 | V5: 한국은행 | W5: [월·금통위] 금통위 당일(연8회)
A6: 미국 연준 정책금리(상단) | B6: % | T6: 3.75 | V6: FRB | W6: [FOMC] 회의 익일(연8회)
A7: 내외 금리차(한-미) | B7: %p | C7: =IF(AND(ISNUMBER(C5),ISNUMBER(C6)),C5-C6,"") | D7: =IF(AND(ISNUMBER(D5),ISNUMBER(D6)),D5-D6,"") | E7: =IF(AND(ISNUMBER(E5),ISNUMBER(E6)),E5-E6,"") | F7: =IF(AND(ISNUMBER(F5),ISNUMBER(F6)),F5-F6,"") | G7: =IF(AND(ISNUMBER(G5),ISNUMBER(G6)),G5-G6,"") | H7: =IF(AND(ISNUMBER(H5),ISNUMBER(H6)),H5-H6,"") | I7: =IF(AND(ISNUMBER(I5),ISNUMBER(I6)),I5-I6,"") | J7: =IF(AND(ISNUMBER(J5),ISNUMBER(J6)),J5-J6,"") | ... U7: =IF(AND(ISNUMBER(U5),ISNUMBER(U6)),U5-U6,"") | V7: 계산 | W7: [자동계산]
A8: 콜금리(익일물) | B8: % | V8: 자금중개회사 | W8: [일] 익영업일
A9: 본원통화 | B9: 조원 | V9: 한국은행 | W9: [월] 익월 중순
A10: M1(협의통화) | B10: 조원 | V10: 한국은행 | W10: [월] 익익월 중순(2개월 시차)
A11: M2(광의통화) | B11: 조원 | V11: 한국은행 | W11: [월] 익익월 중순(2개월 시차)
A12: M2증가율(전년동월비) | B12: % | V12: 한국은행 | W12: [월] 익익월 중순 · 의사록: 상승했으나 장기평균 하회
A13: Lf(금융기관유동성) | B13: 조원 | V13: 한국은행 | W13: [월] 익익월 중순(2개월 시차)
A15: ※ 2026.7월 기준금리는 7.16 금통위 결정 대상(본 팀 제안: 2.75%)

Sheet 03.물가
A1: 03. 물가
A2: 소비자·근원·생산자물가 및 기대인플레이션 (월별)
A4: 지표 | B4: 단위 | C4: 2025-01 | D4: 2025-02 | E4: 2025-03 | F4: 2025-04 | G4: 2025-05 | H4: 2025-06 | I4: 2025-07 | J4: 2025-08 | K4: 2025-09 | L4: 2025-10 | M4: 2025-11 | N4: 2025-12 | O4: 2026-01 | P4: 2026-02 | Q4: 2026-03 | R4: 2026-04 | S4: 2026-05 | T4: 2026-06 | U4: 2026-07 | V4: 출처 | W4: 공표주기·시기 / 비고
A5: 소비자물가(전년동월비) | B5: % | O5: 2 | P5: 2 | Q5: 2.2 | R5: 2.6 | S5: 3.1 | V5: 국가데이터처 | W5: [월] 익월 초(통상 2일)
A6: 생활물가(전년동월비) | B6: % | O6: 2.2 | P6: 1.8 | Q6: 2.3 | R6: 2.9 | S6: 3.3 | V6: 국가데이터처 | W6: [월] 익월 초(통상 2일) · 구입빈도·지출비중 높은 품목 / 취약계층 체감물가
A7: 근원물가(식료품·에너지제외) | B7: % | R7: 2.2 | S7: 2.5 | V7: 국가데이터처 | W7: [월] 익월 초(통상 2일)
A8: 생산자물가(전년동월비) | B8: % | V8: 한국은행 | W8: [월] 익익월 하순(약 3주 시차)
A9: 기대인플레이션(1년) | B9: % | S9: 2.8 | T9: 2.8 | V9: 한국은행 | W9: [월] 당월 하순(소비자동향조사)
A10: 기대인플레이션-전문가(1년,BOK) | B10: % | R10: 2.6 | S10: 2.6 | T10: 2.6 | V10: 한국은행 | W10: [분기/월] 1Q분기조사·4월~월별 · 분기조사(1Q),월별(4월~)
A11: 기대인플레이션-일반인(3년) | B11: % | R11: 2.6 | S11: 2.6 | V11: 한국은행 | W11: [월] 당월 하순
A12: BEI(10년물,기대인플레) | B12: % | R12: 2.7 | S12: 2.8 | T12: 2.8 | V12: 한국은행 | W12: [일] 익영업일 · 국고채-물가채 수익률차
A13: 석유류(전년동월비) | B13: % | S13: 24.2 | V13: 국가데이터처 | W13: [월] 익월 초(CPI 동시)
A14: 공업제품(석유류제외,전년동월비) | B14: % | O14: 1.9 | P14: 1.7 | Q14: 1.8 | R14: 1.4 | S14: 1.6 | V14: 국가데이터처 | W14: [월] 익월 초(CPI 동시)
A15: 농축수산물(전년동월비) | B15: % | V15: 국가데이터처 | W15: [월] 익월 초(CPI 동시)
A16: 가공식품(전년동월비) | B16: % | V16: 국가데이터처 | W16: [월] 익월 초(CPI 동시)
A17: 개인서비스(전년동월비) | B17: % | V17: 국가데이터처 | W17: [월] 익월 초(CPI 동시)
A18: 공공요금(전년동월비) | B18: % | V18: 국가데이터처 | W18: [월] 익월 초(CPI 동시)
A19: 물가안정목표 | B19: % | C19: 2 | D19: 2 | E19: 2 | F19: 2 | G19: 2 | H19: 2 | I19: 2 | J19: 2 | K19: 2 | L19: 2 | M19: 2 | N19: 2 | O19: 2 | P19: 2 | Q19: 2 | R19: 2 | S19: 2 | T19: 2 | U19: 2 | V19: 한국은행 | W19: [고정] 2%(2019~)

Sheet 04.경기·성장
A1: 04. 경기 · 성장
A2: GDP 및 생산·투자·심리 (분기지표는 해당분기 말월에 기입)
A4: 지표 | B4: 단위 | C4: 2025-01 | D4: 2025-02 | E4: 2025-03 | F4: 2025-04 | G4: 2025-05 | H4: 2025-06 | I4: 2025-07 | J4: 2025-08 | K4: 2025-09 | L4: 2025-10 | M4: 2025-11 | N4: 2025-12 | O4: 2026-01 | P4: 2026-02 | Q4: 2026-03 | R4: 2026-04 | S4: 2026-05 | T4: 2026-06 | U4: 2026-07 | V4: 출처 | W4: 공표주기·시기 / 비고
A5: 실질 GDP(전기대비) | B5: % | Q5: 1.8 | V5: 한국은행 | W5: [분기] 속보 익월말·잠정 익익월초 · 1Q 잠정(속보 1.7→1.8)
A6: 실질 GDP(전년동기대비) | B6: % | V6: 한국은행 | W6: [분기] 속보 익월말
A7: 실질 GNI(전기대비) | B7: % | Q7: 9.2 | V7: 한국은행 | W7: [분기] 잠정 익익월초
A8: 제조업생산지수(전년동월비) | B8: % | V8: 국가데이터처 | W8: [월] 익월말(산업활동동향)
A9: 소매판매액지수(전년동월비) | B9: % | V9: 국가데이터처 | W9: [월] 익월말(산업활동동향)
A10: 서비스업생산지수(전년동월비) | B10: % | V10: 국가데이터처 | W10: [월] 익월말(산업활동동향)
A11: 설비투자지수(전년동월비) | B11: % | V11: 국가데이터처 | W11: [월] 익월말(산업활동동향)
A12: 건설기성액(전년동월비) | B12: % | V12: 국가데이터처 | W12: [월] 익월말(산업활동동향)
A13: 제조업평균가동률 | B13: % | V13: 국가데이터처 | W13: [월] 익월말(산업활동동향)
A14: 소비자심리지수(CCSI) | B14: p | R14: 99.2 | S14: 106.1 | T14: 106.6 | V14: 한국은행 | W14: [월] 당월 하순(약 27일)
A15: 금리수준전망CSI | B15: p | T15: 126 | V15: 한국은행 | W15: [월] 당월 하순(소비자동향조사)
A16: 주택가격전망CSI(수도권) | B16: p | V16: 한국은행 | W16: [월] 당월 하순(소비자동향조사)
A17: 기업경기실사지수(BSI) | B17: p | V17: 한국은행 | W17: [월] 당월 하순(기업경기조사)

Sheet 05.고용
A1: 05. 고용
A2: 취업자·고용률·실업률 및 청년·산업별 (월별)
A4: 지표 | B4: 단위 | C4: 2025-01 | D4: 2025-02 | E4: 2025-03 | F4: 2025-04 | G4: 2025-05 | H4: 2025-06 | I4: 2025-07 | J4: 2025-08 | K4: 2025-09 | L4: 2025-10 | M4: 2025-11 | N4: 2025-12 | O4: 2026-01 | P4: 2026-02 | Q4: 2026-03 | R4: 2026-04 | S4: 2026-05 | T4: 2026-06 | U4: 2026-07 | V4: 출처 | W4: 공표주기·시기 / 비고
A5: 취업자수(전년동월비) | B5: 만명 | S5: -4 | V5: 국가데이터처 | W5: [월] 익월 중순(통상 2주차)
A6: 고용률(15세이상) | B6: % | V6: 국가데이터처 | W6: [월] 익월 중순
A7: 실업률 | B7: % | V7: 국가데이터처 | W7: [월] 익월 중순
A8: 청년층(15~29)취업자(전년동월비) | B8: 만명 | S8: -25.5 | V8: 국가데이터처 | W8: [월] 익월 중순
A9: 청년 고용률 | B9: % | S9: 43.8 | V9: 국가데이터처 | W9: [월] 익월 중순
A10: 청년 실업률 | B10: % | S10: 7.2 | V10: 국가데이터처 | W10: [월] 익월 중순
A11: 제조업 취업자(전년동월비) | B11: 만명 | S11: -14 | V11: 국가데이터처 | W11: [월] 익월 중순
A12: 건설업 취업자(전년동월비) | B12: 만명 | V12: 국가데이터처 | W12: [월] 익월 중순
A13: 제조업 명목임금(전년동월비) | B13: % | V13: 고용노동부 | W13: [월] 익익월 하순(사업체노동력조사)
A14: 명목임금(전체,전년동기비) | B14: % | Q14: 3.4 | V14: 고용노동부 | W14: [분기/월] 익익월 하순 · 분기 / 26.1Q +3.4%
A15: IT부문 특별급여(전년동기비) | B15: % | Q15: 60.6 | V15: 고용노동부 | W15: [분기/월] 익익월 하순 · 26.1Q 이례적 급등(분포 97%분위)
A16: IT외 임금(전년동기비) | B16: % | Q16: 2.1 | V16: 고용노동부 | W16: [분기/월] 익익월 하순 · 26.1Q +2.1%

Sheet 06.국제수지·교역
A1: 06. 국제수지 · 교역
A2: 수출입·경상수지·품목별수출·해상운임 (월별)
A4: 지표 | B4: 단위 | C4: 2025-01 | D4: 2025-02 | E4: 2025-03 | F4: 2025-04 | G4: 2025-05 | H4: 2025-06 | I4: 2025-07 | J4: 2025-08 | K4: 2025-09 | L4: 2025-10 | M4: 2025-11 | N4: 2025-12 | O4: 2026-01 | P4: 2026-02 | Q4: 2026-03 | R4: 2026-04 | S4: 2026-05 | T4: 2026-06 | U4: 2026-07 | V4: 출처 | W4: 공표주기·시기 / 비고
A5: 수출(전년동월비) | B5: % | V5: 관세청 | W5: [월] 익월 1일(관세청 속보)
A6: 수입(전년동월비) | B6: % | V6: 관세청 | W6: [월] 익월 1일(관세청 속보)
A7: 경상수지 | B7: 억달러 | V7: 한국은행 | W7: [월] 익익월 초(약 5주 시차)
A8: 상품수지 | B8: 억달러 | V8: 한국은행 | W8: [월] 익익월 초
A9: 서비스수지 | B9: 억달러 | V9: 한국은행 | W9: [월] 익익월 초
A10: 반도체 수출(전년동월비) | B10: % | V10: 관세청 | W10: [월] 익월 1일/15일
A11: 자동차 수출(전년동월비) | B11: % | V11: 관세청 | W11: [월] 익월 1일/15일
A12: 선박 수출(전년동월비) | B12: % | V12: 관세청 | W12: [월] 익월 1일/15일
A13: 대미 수출(전년동월비) | B13: % | V13: 관세청 | W13: [월] 익월 1일/15일
A14: 상하이컨테이너운임지수(SCFI) | B14: p | V14: SSE | W14: [주] 매주 금요일

Sheet 07.금융·외환시장
A1: 07. 금융 · 외환시장
A2: 채권·주식·환율 (월별)
A4: 지표 | B4: 단위 | C4: 2025-01 | D4: 2025-02 | E4: 2025-03 | F4: 2025-04 | G4: 2025-05 | H4: 2025-06 | I4: 2025-07 | J4: 2025-08 | K4: 2025-09 | L4: 2025-10 | M4: 2025-11 | N4: 2025-12 | O4: 2026-01 | P4: 2026-02 | Q4: 2026-03 | R4: 2026-04 | S4: 2026-05 | T4: 2026-06 | U4: 2026-07 | V4: 출처 | W4: 공표주기·시기 / 비고
A5: 국고채(3년) | B5: % | V5: 금융투자협회 | W5: [일] 익영업일
A6: 국고채(10년) | B6: % | V6: 금융투자협회 | W6: [일] 익영업일
A7: 장단기금리차(10년-3년) | B7: %p | C7: =IF(AND(ISNUMBER(C6),ISNUMBER(C5)),C6-C5,"") | D7: =IF(AND(ISNUMBER(D6),ISNUMBER(D5)),D6-D5,"") | E7: =IF(AND(ISNUMBER(E6),ISNUMBER(E5)),E6-E5,"") | F7: =IF(AND(ISNUMBER(F6),ISNUMBER(F5)),F6-F5,"") | G7: =IF(AND(ISNUMBER(G6),ISNUMBER(G5)),G6-G5,"") | H7: =IF(AND(ISNUMBER(H6),ISNUMBER(H5)),H6-H5,"") | I7: =IF(AND(ISNUMBER(I6),ISNUMBER(I5)),I6-I5,"") | J7: =IF(AND(ISNUMBER(J6),ISNUMBER(J5)),J6-J5,"") | ... U7: =IF(AND(ISNUMBER(U6),ISNUMBER(U5)),U6-U5,"") | V7: 계산 | W7: [자동계산]
A8: 국고3년-기준금리 스프레드 | B8: %p | C8: =IF(AND(ISNUMBER(C5),ISNUMBER('02.기준금리·통화'!C5)),C5-'02.기준금리·통화'!C5,"") | D8: =IF(AND(ISNUMBER(D5),ISNUMBER('02.기준금리·통화'!D5)),D5-'02.기준금리·통화'!D5,"") | E8: =IF(AND(ISNUMBER(E5),ISNUMBER('02.기준금리·통화'!E5)),E5-'02.기준금리·통화'!E5,"") | F8: =IF(AND(ISNUMBER(F5),ISNUMBER('02.기준금리·통화'!F5)),F5-'02.기준금리·통화'!F5,"") | G8: =IF(AND(ISNUMBER(G5),ISNUMBER('02.기준금리·통화'!G5)),G5-'02.기준금리·통화'!G5,"") | H8: =IF(AND(ISNUMBER(H5),ISNUMBER('02.기준금리·통화'!H5)),H5-'02.기준금리·통화'!H5,"") | I8: =IF(AND(ISNUMBER(I5),ISNUMBER('02.기준금리·통화'!I5)),I5-'02.기준금리·통화'!I5,"") | J8: =IF(AND(ISNUMBER(J5),ISNUMBER('02.기준금리·통화'!J5)),J5-'02.기준금리·통화'!J5,"") | ... U8: =IF(AND(ISNUMBER(U5),ISNUMBER('02.기준금리·통화'!U5)),U5-'02.기준금리·통화'!U5,"") | V8: 계산 | W8: [자동계산·교차참조] · 의사록: 정책기조 전환 선반영
A9: 회사채(3년,AA-) | B9: % | V9: 금융투자협회 | W9: [일] 익영업일
A10: 회사채 스프레드(AA--국고3년) | B10: %p | C10: =IF(AND(ISNUMBER(C8),ISNUMBER(C5)),C8-C5,"") | D10: =IF(AND(ISNUMBER(D8),ISNUMBER(D5)),D8-D5,"") | E10: =IF(AND(ISNUMBER(E8),ISNUMBER(E5)),E8-E5,"") | F10: =IF(AND(ISNUMBER(F8),ISNUMBER(F5)),F8-F5,"") | G10: =IF(AND(ISNUMBER(G8),ISNUMBER(G5)),G8-G5,"") | H10: =IF(AND(ISNUMBER(H8),ISNUMBER(H5)),H8-H5,"") | I10: =IF(AND(ISNUMBER(I8),ISNUMBER(I5)),I8-I5,"") | J10: =IF(AND(ISNUMBER(J8),ISNUMBER(J5)),J8-J5,"") | ... U10: =IF(AND(ISNUMBER(U8),ISNUMBER(U5)),U8-U5,"") | V10: 계산 | W10: [자동계산]
A11: CD(91일) | B11: % | V11: 금융투자협회 | W11: [일] 익영업일
A12: CP(91일) | B12: % | V12: 금융투자협회 | W12: [일] 익영업일
A13: 코스피 | B13: p | V13: 한국거래소 | W13: [일] 당일 마감
A14: 코스닥 | B14: p | V14: 한국거래소 | W14: [일] 당일 마감
A15: 외국인 주식순매수 | B15: 조원 | V15: 금융감독원 | W15: [일/월] 당일·월합계
A16: 외국인 채권순투자 | B16: 조원 | V16: 금융감독원 | W16: [월] 익월 초
A17: 외국인 국내주식 보유규모 | B17: 조원 | S17: 720 | V17: 한국은행/금융감독원 | W17: [월] 익월 초 · 의사록: 26.5월 약 720조원(외환보유액 상회)
A18: 원/달러 환율(기말) | B18: 원 | Q18: 1530 | V18: 한국은행 | W18: [일] 당일 마감
A19: 원/엔 환율(100엔) | B19: 원 | V19: 한국은행 | W19: [일] 당일 마감
A20: 원/위안 환율 | B20: 원 | V20: 한국은행 | W20: [일] 당일 마감

Sheet 08.가계·기업신용
A1: 08. 가계 · 기업신용
A2: 가계부채·주담대·기업대출·연체율 (분기)
A4: 지표 | B4: 단위 | C4: 2025-1Q | D4: 2025-2Q | E4: 2025-3Q | F4: 2025-4Q | G4: 2026-1Q | H4: 2026-2Q | I4: 출처 | J4: 공표주기·시기 / 비고
A5: 가계신용 잔액 | B5: 조원 | G5: 1993.1 | I5: 한국은행 | J5: [분기] 익익월말(약 2.5개월 시차)
A6: 가계신용(전분기대비 증감) | B6: 조원 | G6: 14 | I6: 한국은행 | J6: [분기] 익익월말
A7: 명목GDP대비 가계신용 비율 | B7: % | I7: 한국은행 | J7: [분기] GDP확정 후
A8: 주택담보대출 잔액 | B8: 조원 | I8: 한국은행 | J8: [월/분기] 익월 중순(금융시장동향)
A9: 주담대 월평균 증감 | B9: 조원 | I9: 한국은행 | J9: [월] 익월 중순
A10: 기업대출 증가율(전년동월비) | B10: % | I10: 한국은행 | J10: [월] 익월 중순
A11: 회사채 순발행 | B11: 조원 | I11: 한국은행 | J11: [월] 익월 초
A12: 가계대출 연체율(은행) | B12: % | F12: 0.38 | I12: 금융감독원 | J12: [월/분기] 익익월(금감원)
A13: 가계대출 연체율(비은행) | B13: % | I13: 금융감독원 | J13: [분기] 익익월
A14: 기업대출 연체율(중소·자영업) | B14: % | I14: 금융감독원 | J14: [분기] 익익월

Sheet 09.부동산·금융안정
A1: 09. 부동산 · 금융안정
A2: 주택가격·FSI·FVI·외환보유액·PF (월/분기)
A4: 지표 | B4: 단위 | C4: 2025-01 | D4: 2025-02 | E4: 2025-03 | F4: 2025-04 | G4: 2025-05 | H4: 2025-06 | I4: 2025-07 | J4: 2025-08 | K4: 2025-09 | L4: 2025-10 | M4: 2025-11 | N4: 2025-12 | O4: 2026-01 | P4: 2026-02 | Q4: 2026-03 | R4: 2026-04 | S4: 2026-05 | T4: 2026-06 | U4: 2026-07 | V4: 출처 | W4: 공표주기·시기 / 비고
A5: 전국 주택매매가격(전월비) | B5: % | V5: 한국부동산원 | W5: [월] 익월 중순(부동산원)
A6: 서울 아파트매매가격(전월비) | B6: % | V6: 한국부동산원 | W6: [주/월] 매주 목·월간
A7: 수도권 주택매매가격(전월비) | B7: % | V7: 한국부동산원 | W7: [월] 익월 중순
A8: 주택 매매거래량(전국) | B8: 만건 | V8: 한국부동산원 | W8: [월] 익익월(신고기준 시차)
A9: 전세가격지수(전월비) | B9: % | V9: 한국부동산원 | W9: [월] 익월 중순
A10: 금융불안지수(FSI) | B10: p | V10: 한국은행 | W10: [월/분기] 금융안정보고서(연2회 6·12월)
A11: 금융취약성지수(FVI) | B11: p | V11: 한국은행 | W11: [분기] 금융안정보고서(연2회)
A12: 외환보유액 | B12: 억달러 | V12: 한국은행 | W12: [월] 익월 초(통상 3~5일)
A13: 단기외채/총외채 비율 | B13: % | V13: 한국은행 | W13: [분기] 익익월말
A14: 부동산PF 익스포저 | B14: 조원 | N14: 178 | V14: 금융위원회 | W14: [분기] 금융위 점검시
A15: 부동산PF 연체율 | B15: % | N15: 4.24 | V15: 금융감독원 | W15: [분기] 익익월

Sheet 10.세계경제
A1: 10. 세계경제
A2: 주요국 경기·정책금리·국제유가·원자재 (월별)
A4: 지표 | B4: 단위 | C4: 2025-01 | D4: 2025-02 | E4: 2025-03 | F4: 2025-04 | G4: 2025-05 | H4: 2025-06 | I4: 2025-07 | J4: 2025-08 | K4: 2025-09 | L4: 2025-10 | M4: 2025-11 | N4: 2025-12 | O4: 2026-01 | P4: 2026-02 | Q4: 2026-03 | R4: 2026-04 | S4: 2026-05 | T4: 2026-06 | U4: 2026-07 | V4: 출처 | W4: 공표주기·시기 / 비고
A5: 세계 성장률 전망(IMF) | B5: % | V5: IMF | W5: [분기] WEO(1·4·7·10월)
A6: 미국 성장률(전기연율) | B6: % | V6: 미 상무부 | W6: [분기] 속보·잠정·확정 3회
A7: 유로존 성장률(전기대비) | B7: % | V7: Eurostat | W7: [분기] 속보 익월말
A8: 일본 성장률(전기대비) | B8: % | V8: 일본 내각부 | W8: [분기] 속보 익익월중순
A9: 중국 성장률(전년동기) | B9: % | V9: 중국 국가통계국 | W9: [분기] 익월 중순
A10: 미국 정책금리(상단) | B10: % | T10: 3.75 | V10: FRB | W10: [FOMC] 회의 익일(연8회)
A11: 유로 정책금리 | B11: % | V11: ECB | W11: [ECB] 회의 당일(연8회)
A12: 일본 정책금리 | B12: % | V12: 일본은행 | W12: [BOJ] 회의 당일(연8회)
A13: 미국 근원PCE(전년동월비) | B13: % | V13: 미 상무부 | W13: [월] 익익월 초
A14: 두바이유(기말) | B14: $/배럴 | V14: 한국석유공사 | W14: [일] 익영업일
A15: 브렌트유(기말) | B15: $/배럴 | V15: Bloomberg | W15: [일] 익영업일 · 물가점검보고서 기준유종 / 하반기 90달러대초반 전망
A16: WTI(기말) | B16: $/배럴 | V16: 한국석유공사 | W16: [일] 익영업일
A17: 로이터 상품가격지수(CRB) | B17: p | V17: Reuters | W17: [일] 당일
A18: 달러인덱스(DXY) | B18: p | V18: ICE | W18: [일] 당일

Sheet 11.출처·메모
A1: 11. 데이터 출처 및 작업 메모
A3: 구분 | B3: 기관/간행물 | C3: 주요 지표 | D3: URL/위치 | E3: 비고
A4: 통화/금리 | B4: 한국은행 경제통계시스템(ECOS) | C4: 기준금리·통화량·국제수지·GDP | D4: ecos.bok.or.kr | E4: ECOS: 통화량 약 2개월·국제수지 약 5주·GDP 분기 시차
A5: 통화정책 | B5: 한국은행 통화정책방향 결정문·의사록 | C5: 금통위 결정·소수의견 | D5: bok.or.kr
A6: 전망 | B6: 한국은행 경제전망보고서 | C6: 성장·물가 전망·잠재성장률 | D6: bok.or.kr | E6: 연 4회(2/5/8/11월)
A7: 물가/고용 | B7: 국가데이터처(KOSIS) | C7: 소비자물가·고용동향 | D7: kosis.kr | E7: CPI 익월초(2일)·고용 익월중순·산업활동 익월말
A8: 임금 | B8: 고용노동부 사업체노동력조사 | C8: 명목임금·특별급여·IT부문 | D8: moel.go.kr | E8: [월/분기] 익익월 하순
A9: 부동산 | B9: 한국부동산원 | C9: 주택매매·전세가격 | D9: reb.or.kr | E9: 월간 익월중순 / 주간(매주 목)
A10: 금융안정 | B10: 한국은행 금융안정보고서 | C10: FSI·FVI·가계신용·부동산PF | D10: bok.or.kr | E10: [반기] 6월·12월 발간
A11: 금융시장 | B11: 금융투자협회 채권정보 | C11: 국고채·회사채·CD·CP | D11: kofiabond.or.kr | E11: 채권금리 일별(익영업일)
A12: 주가 | B12: 한국거래소(KRX) | C12: 코스피·코스닥 | D12: krx.co.kr
A13: 감독/연체 | B13: 금융감독원 금융통계시스템 | C13: 연체율·외국인순매수 | D13: fss.or.kr | E13: 연체율 분기(익익월)
A14: 재정 | B14: 기획재정부 | C14: 추경·재정정책 | D14: moef.go.kr
A15: 해외금리 | B15: FRB/ECB/일본은행 | C15: 정책금리·점도표 | D15: federalreserve.gov 등 | E15: FOMC·ECB·BOJ 연 8회
A16: 유가/원자재 | B16: 한국석유공사 페트로넷/Reuters | C16: 두바이유·WTI·CRB | D16: petronet.co.kr | E16: 유가 일별 / 브렌트 추가
A17: 대회 | B17: 한국은행 통화정책 경시대회 | C17: 과거 수상팀 영상·예심보고서 | D17: bok.or.kr 경제교육 | E17: 유튜브 채널 참조
A20: ■ 작업 메모(To-do)
A21: □ [발표 D-day 7.8 기준] 확보 가능: 6월 CPI(7.2)·5월 경상수지(7월초)·6월 수출입(7.1)·6월 기대인플레(6월말)
A22: □ [발표일까지 미확보] 6월 고용(7월중순)·5월 산업활동(6월말 확보)·2Q GDP(7월말 속보) → 5월까지 값으로 발표
A23: □ 6월 소비자물가(7.2 발표) 입수 즉시 03.물가 갱신
A24: □ 7.16 금통위 결정 확인 후 02.기준금리 최종 갱신(발표 후)
A25: □ 5월 경상수지·수출입 확정치 06번 시트 입력
A26: □ 1Q 명목임금·IT특별급여(금융안정보고서 BOX B) 05번 시트 확인
A27: □ 수도권 주택가격 주간동향 09번 시트 주기적 갱신
A28: □ 대시보드 차트 2종(물가추이·금리경로) 발표자료용 export
